huml,humw,ulnal,ulnaw,feml,femw,tibl,tibw,tarl,tarw,type
0.30032832824184724,0.8109479968674529,0.04947729218801199,0.5887086389368626,0.2480250556855003,0.23733257574228067,-1.569190513507528,0.40834074235941326,-0.022913876994637632,0.41733169703282286,3
0.45170744658088785,0.7933906563679199,0.19510791765589,0.9145575914792119,0.5107387860498568,0.5345450765722151,0.4126269402616937,0.6395694218743642,0.09814601893487901,0.49529680608561333,3
0.28524627586120477,0.7020924857703482,0.002472102042863549,0.7722855136086089,0.31131746491285955,0.33640340935225876,0.2834586988289298,0.4131580065159747,-0.03977579107053463,0.18802255275990948,3
0.24204829867220432,0.4668241230766055,-0.0573526854145981,0.5382249984021323,0.15911429034230487,0.1481688254933002,0.1195449961483386,0.10485310049603976,-0.1491620541782766,0.22012583295811747,3
-0.03445599497290713,0.16483786648463708,-0.29101121242702693,0.060925124255592884,-0.14679902092326508,-0.24811450894661255,-0.2226049657577502,-0.10710652239266542,-0.3177811949372465,0.09171271216528587,3
-0.05084143459632104,0.14376905788519756,-0.31887247058578766,-0.05839984428104193,0.635314321671961,0.5890340350577032,-0.20456915381231297,-0.2179035979935795,-0.4392734476379401,-0.04587277439846207,3
0.28077751960027375,0.5510993574743641,-0.029491427255837466,0.414310607998704,0.261085394097495,0.09367986700781225,0.17497859462769727,0.18192932700102354,-0.08690267912881094,0.3256080393236576,3
0.4157711983159005,0.4598011868767921,0.09238021119322004,0.43725771733267216,0.3811400433462163,0.27696090918627175,0.30122927824575774,0.3023609309150606,-0.055772991604078115,0.40357314837644814,3
0.99708190859202,1.2112553602568064,0.81232879625273,1.162386372286069,1.128090936370687,1.10420236982959,1.2024894104604011,1.1550166866264429,0.9680478425426923,0.6603993899621111,3
1.4960930243959918,2.1242370662325243,1.279987706205916,1.5846131840310849,1.7122899199533768,2.089957164248873,1.4677219390697724,1.9884033857115793,1.705216137399214,1.5638774183973896,3
1.8684893794735828,2.4859182805229048,1.4851012632029272,2.33268894831845,2.1789458578281136,2.293052373149328,2.0777567548713263,2.4412262164283582,2.0485074137136294,1.6968767220756795,3
2.259505552305053,1.9170604483380345,1.4167300775372569,2.3694043232527995,0.9618227819718307,1.8819084136679185,3.1917333750306853,2.354515461610252,2.2296649008367275,0.7612954134421929,3
1.9988281037507396,1.428966382451016,1.2458021133730808,2.2179534016486087,0.7689316300408306,1.7134879965309557,3.0591171107259996,3.101191405877281,1.8742676349293605,1.1786380560188954,3
1.5688965118136609,0.8460626778665191,0.8928358673740568,1.332194981357434,0.37260059130760426,1.540114037713494,2.3960357892025717,1.6849157438482056,1.4907671788954984,0.6007790124511537,3
1.5741100607847471,0.9162920398646514,0.8950579309081913,1.1991017472204182,0.3243778033248542,1.0744811197465962,2.3960357892025717,1.6511948947522757,1.574644392503807,0.19719491853082602,3
1.413979628101383,0.7793447839682934,0.8008766226537302,1.015524872548672,0.14454698980584918,1.1834590367175726,2.68779157067288,2.238901121852776,1.540488207580836,0.2705738446981584,3
1.3141774049405883,0.6494204642717489,0.6779794164196876,1.0247037162822596,0.05613854517080767,0.9456890360536246,2.449082294924446,1.9257789516762798,1.4358578689560393,0.2751600275836165,3
1.1149453549740775,0.5756796341737102,0.5342289985576155,1.020114294415466,-0.11716209914220019,1.094295286468592,2.1308032605932006,1.8968753667369112,1.153961254148736,0.16050545544715983,3
1.1614948993587764,0.6353745918721225,0.5711494388170775,0.93750470081318,-0.017702598927778167,0.8268040357216507,2.263419524897886,1.7330883854138208,1.2123294182576099,0.05960943196707807,3
0.7702925283497669,0.03491354678809254,0.4559439909704229,0.336290436263212,0.2555598663078049,0.7822221605971607,1.7220799340061594,1.8101646119188046,1.3429011631530177,0.19260873564536785,3
0.9158995031851052,0.15079199408501062,0.5400405493391973,0.3638269674639737,0.35552168723038047,0.9209213276511302,1.8196855045344082,2.036576027277194,1.3697072829659818,-0.11007933479487787,3
0.818704054509854,0.23506722848276929,0.4885912321257805,0.48774135786740247,0.4122839272517422,1.267669245286054,1.6799079619572694,1.9065098950500339,1.134937556216955,0.6053651953366118,3
0.8505439428689878,0.5230076126751112,0.4783355542759297,0.4602048266666403,0.34899151802438294,1.2429015368835596,1.6268614562353951,2.253352914322461,1.078298819192788,0.41733169703282286,3
-0.01918774441472589,-0.33379060370210123,-0.17289998918958127,-0.38883821869018487,-0.3371785693134969,-0.14904367533663446,0.26515765435488325,0.576944987839065,0.0012981021912655136,-0.4402845025478731,3
0.11319915981535782,-0.23898096500462282,-0.06709557937195627,-0.3062286250878991,-0.21863088218923638,0.15807590885429804,0.4179315908338812,0.5673104595259422,0.19326450859378516,-0.2981128330986669,3
0.13032939214892703,-0.35134794420163423,-0.05137020666885203,-0.3796593749565976,0.005404153647289215,-0.07969409180964966,0.3301396238641793,0.3649853649503598,-0.0514494238923096,-0.04587277439846207,3
-0.3191530084297254,1.0040787423623165,-0.6260300221888122,2.1399332299131166,0.6739930161997916,0.8812929942071389,0.27948021089978947,0.8515290447630696,-0.7228994895299506,3.577211705113569,3
-0.3435449696873075,0.9443837846639039,-0.621927751048872,2.286794729650514,0.7674246679163697,0.9357819526926271,0.3004335806599296,0.7648182899449626,-0.6913374452340411,3.3524887437261137,3
-0.43794744569947686,0.8214824011671729,-0.6514982888492744,1.8966938709730536,0.6348120009638072,0.7277332021116729,0.19301440657313432,0.6540212143440488,-0.7250612733858349,2.9901802957749104,3
0.14615623723972454,3.655237157791805,-0.39801211799380126,3.0899435563394024,2.016696269094486,2.2484704980248384,1.6998004016029722,1.5933877248735377,-0.29183978866663585,4.994342216720174,3
0.19363677251211733,2.8721797715126325,-0.42843729561502464,2.305152417117688,1.930799428000213,1.753116329974947,1.2714498678988375,1.9450480083025259,-0.21271849954127287,5.118169154627546,3
2.0546875570123784,2.2190467049300024,2.7157826051849954,2.3189206827180695,0.5152596724232398,1.4559038291450126,-0.003522897126409648,0.5913967803087495,-0.8997334089412805,0.33019422220911576,3
2.2967451878128124,2.4508035995238386,3.091824126346183,2.773273447530641,0.7845035719935938,2.169213831136856,0.11662743833363554,0.9382397995811761,-0.8521741641118277,1.6418425274501802,3
2.7063811783981624,3.0407302403081484,3.570422426005876,3.278109852877942,1.0045200421648903,2.3822161233983086,0.3182041600767575,0.9719606486771066,-0.7216024192164203,1.9399444150049674,3
2.2408857345511737,2.2962990031279484,2.835432180099919,2.029787105110069,0.7096577864787005,1.7283486215724526,0.10628336971787004,0.5095032896472044,-0.8253680442988631,1.5455326868555566,3
2.1291668280278966,2.3840857056256133,2.61322582668649,2.28220530778372,0.534347859333078,1.5698352877964874,0.01371721723319963,0.6395694218743642,-0.8456888125441748,1.7014629049611376,3
2.203646099043415,2.457826535723652,3.6046080188387113,2.5805177291253076,0.7769687613712891,1.990886330638895,0.09089988305852656,0.6877420634399792,-0.8279621849259243,1.5959806985955975,3
2.2408857345511737,2.844088026713379,2.955081755014842,2.8467041973993394,0.7794803649120572,2.1196784143318665,0.08877802282965164,0.7118283842227866,-0.8556330182812423,1.9628753294322592,3
3.860809879138694,3.6833289025910583,4.288319875495416,3.1312483531405455,2.749079861582501,3.214411125722126,1.7860009734010178,3.395044519427532,1.8392467364640361,2.742526419960164,3
3.823570243630935,3.4691293484967556,4.11739191133124,3.3515406027466406,2.477826679179533,3.338249667734599,1.6204958755487704,3.106008670033843,1.7272663327292335,3.265351268902407,3
0.6697455124788175,0.7828562520682,0.6988326280477171,1.0109354506818784,-0.03829774796207782,-0.14409013365613543,-0.2536371716050467,0.0036905532082486562,-0.4505147236885381,0.8667776198077333,3
0.659132216359106,0.6985810176704417,0.6612284759315983,1.0247037162822596,-0.0041399398076299365,-0.015298049963163878,-0.2570851944769686,0.09521857218291678,-0.4950474711197531,0.98143219194419,3
1.533332659903751,1.428966382451016,1.4680084667865096,1.0568296693498151,1.0818774312205517,1.8076052884604352,1.175170460013636,2.1425558387215466,1.0450073478121709,1.7289800022738875,3
1.7009110196886668,1.4078975738515767,1.6731220237835212,1.1119027317513388,1.126583974246226,1.8175123718214328,1.2555359161822754,2.1907284802871616,1.1712555249958094,1.825289842868511,3
1.168198033750173,0.8565970821662388,1.0577813527924869,0.5657615296028945,0.6438537737105727,0.9011071609291346,0.6171212198195191,1.4055144227676397,0.5901680245341294,0.9951907406005644,3
0.8228004144157074,0.9162920398646514,0.8013894065462227,0.41890002986549757,0.5996495513930522,1.034852786302605,0.6115513367187221,1.8920581025803498,0.35583065455627905,0.9172256315477739,3
1.2540353935955577,1.3692714247526034,1.2458021133730808,0.9558623882803546,0.9583065370147551,1.599556537879481,1.3918654358874922,2.2726219709487068,0.971939053483284,1.417119566062725,3
2.0919271925201373,1.6993494261438251,2.117534730610379,1.781958324303212,1.0863983175939347,1.8819084136679185,0.690855862772924,1.6897330080047674,0.7151191314042378,2.6874922253346645,3
2.185026281289535,1.6747691494444787,2.168813119859632,1.7498323712356565,1.1858578178083563,1.753116329974947,0.6985476061025959,1.6222913098129066,0.7786755767672341,2.430665983749002,3
1.5891921131653894,1.2920191265546586,1.6731220237835212,1.4056257312261327,0.8091172866931221,1.327111745452041,0.35958043453981947,1.1742857432526888,0.29486834982034366,2.3114252287270873,3
1.9802082859968602,1.411409041951483,2.0149779521118734,1.4148045749597198,1.0949377696325466,1.7233950798919537,0.6075728487895814,1.5211287625251153,0.48467297236697887,2.513217275687251,3
1.7940101084580646,1.3517140842530708,1.9124211736133676,1.4331622624268943,0.6508862636247238,1.0596204947050998,0.1160969732764169,0.9623261203639835,-0.0830114681882192,2.0683575357977997,3
2.0546875570123784,1.667746213244665,2.25427710194172,1.6718121995001645,0.9211348046113853,1.4162754957010213,0.2577311435538208,1.0827577242780204,0.01686294595363193,2.2655633998725047,3
-0.7824140741462486,-0.6638686050933224,-0.7157672033750048,-0.7192765930993278,-0.7952950551496217,-0.5948624265815363,-0.7154070039139621,-0.6562746362406743,-0.7488408958005615,-0.5549390746843298,3
-0.7548567438705068,-0.7165406265919214,-0.7019220382777065,-0.7835284992344389,-0.7430537015016426,-0.5800018015400397,-0.6506902669332754,-0.7237163344325351,-0.6701519634463756,-0.5320081602570385,3
-0.6641782314091134,-0.5725704344957505,-0.5597099720931119,-0.5999516245626928,-0.42508469324038484,-0.3620459675980875,-0.365300066149592,-0.47803586244789953,-0.30956641628488635,-0.41276740523512356,3
4.568362953786117,3.5218013699953543,4.202855893413328,2.713610963262323,2.6069231011750196,2.416890915161801,3.0591171107259996,3.019297915215736,2.460111059873986,2.1830121079342564,3
3.451173888553344,2.647445813118609,3.1260097191790184,2.1628803392470854,1.8167726272493356,2.0552823724853804,2.5286520535072574,2.5472060278727113,1.8690793536752384,1.8849102203794688,3
6.616542906712867,4.729746396363228,6.031785109970013,3.72787319582372,3.7004752828255065,3.3531102927760954,4.570942523799415,3.78042565195245,3.8531645766057827,2.7516987857310804,3
3.451173888553344,2.4262233228244923,3.049092135305139,1.7911371680367991,1.6158443439878774,1.4757179958670081,2.422559042063509,1.9305962158328418,1.9079914630811545,1.4675675778027661,3
4.382164776247322,2.847599494813286,3.946463947167064,2.3189206827180695,2.369827726926499,2.629893207423254,3.0060706050041253,3.0963741417207196,2.584629809972918,2.11880554753784,3
-0.7630494636822137,-0.8605108186880924,-0.826699452117555,-0.8156544523019944,-1.0404275607286007,-0.7632828437184993,-0.5119736544705743,-0.7718889759981499,-0.3285901142166676,-0.5044910629442888,3
-0.6431378373472295,-0.6427997964938827,-0.6904698646787066,-0.5770045152287246,-0.8143832420594602,-0.5205593013740527,-0.17963729612303214,-0.3865078434732314,-0.19369480160949176,-0.18804444384766839,3
-0.5241572018999392,-0.6708915412931356,-0.5930409251051262,-0.6183093120298674,-0.9580469645914028,-0.8078647188429895,-0.5878301576528544,-0.8200616175637647,-0.5923277446345433,-0.7429725729881187,3
0.3500432416447056,0.020867674388466095,0.2132262818572927,0.18483951465902146,0.06467799720941937,0.009469658439330807,0.38292089705744403,-0.03966482420080461,0.21963827163557273,-0.05045895728392044,3
0.40180633500049084,0.055982355387532365,0.242625891693531,0.04715685865521202,0.10184972961278925,-0.03015867500466051,0.4932576289589427,0.22046744025351542,0.2944359930491669,-0.07797605459667006,3
-0.5636312155381638,-0.8745566910877188,-0.5812468955777981,-0.8661380928367246,-1.1313476089044106,-1.0159134694239438,-0.7212421195433681,-0.9115896365384328,-0.5957865988039582,-0.8255238649263676,3
-0.5991950674480738,-0.8534878824882792,-0.6388496195011255,-0.834012139769169,-1.1303429674881034,-0.9861922193409502,-0.8321093165020853,-0.9693968064171707,-0.7972648541723683,-0.8438685964682006,3
-0.48989673723280075,-0.702494754192295,-0.5496252222074255,-0.7284554368329151,-1.09266891437658,-0.9515174275774578,-0.7745538577938518,-0.9212241648515558,-0.7034434348269927,-0.7934205847281597,3
-0.4364578602791665,-0.6568456688935091,-0.4446754522106213,-0.5356997184275816,-0.937954136265257,-0.8821678440504732,-0.5297442338874022,-0.7718889759981499,-0.3636110126819921,-0.7200416585608274,3
-0.7079348031307304,-0.9623433935853841,-0.7166218431958256,-0.8615486709699309,-1.2388442404492905,-1.0902165946314273,-0.8779945439515064,-1.0175694479827855,-0.76137924216469,-0.9631093514901156,3
-0.704583235935032,-0.9518089892856642,-0.728757728651482,-0.9579265301725974,-1.2222676570802204,-1.114984303033922,-0.878259776480116,-1.0464730329221543,-0.780835296867648,-0.9401784370628242,3
-0.3610475983759544,-0.3794396890008871,-0.5535565653832015,-0.22820845335240705,-0.5858273198495514,-0.555234093137545,-0.41304192129927875,-0.3865078434732314,-0.5058563903991742,-0.41276740523512356,3
-0.39474946851047626,-0.41104290190004655,-0.5969722682809023,-0.1731353909508832,-0.6551475775747546,-0.5156057596935537,-0.4392999416316065,-0.5262085040135144,-0.5616304138809874,-0.46321541697516444,3
0.6479603257067784,0.19292961128388997,0.41765612699764726,0.21696546772657715,0.20984868186582298,0.09863340868831105,0.5823757585716914,0.20601564778383086,0.31173026389624064,0.027506151768870273,3
0.7874227606833362,0.4738470592764185,0.6060187435065693,0.35464812373038657,0.4077630408783596,0.19770424229828934,0.7738736442276574,0.45651338392502794,0.5162350166628887,0.1834363698744513,3
0.830434539694798,0.5616337617740838,0.6096082307540172,0.5519932640025135,0.58005904377506,0.4107065345597424,0.7842177128434229,0.5673104595259422,0.5525529854417437,0.2522291131563253,3
0.7931949041870389,0.6178172513725895,0.61627442135642,0.556582685869307,0.4308697934534273,0.5543592432942107,0.7332930673504235,0.6492039501874873,0.39041919625042654,0.1329883581344104,3
-0.21469583083046115,-0.48127226389817873,-0.2799008947563555,-0.3658911093562167,-0.7073889312227337,-0.6295372183450287,-0.32949367478732683,-0.5021221832307069,-0.35971980174140045,-0.5503528917988715,3
-0.19477262583381003,-0.42508877429967296,-0.2535779882750724,-0.17772481281767696,-0.692821630686278,-0.614676593303532,-0.29076972561035863,-0.5502948247963217,-0.3432902444366804,-0.628318000851662,3
0.0012940551145416406,-0.11607958150789151,-0.13187727779017902,-0.2144401877520262,-0.2030589402364736,-0.3669995092785865,-0.0021967344833628676,-0.2564417112460714,-0.3506403095466867,-0.36231939349508246,3
0.08322125323161175,-0.0072240704107867934,-0.062309596375359315,0.024209749321243645,-0.02373044742562214,-0.20353263382212242,0.07525116387057357,-0.26607623955919435,-0.2624395282266104,-0.32104374752595816,3
1.4588533888882327,0.902246167465025,1.2775947147076177,0.859484529077688,0.5428873113716901,0.6038946600992001,1.1520952300246206,1.0249505543992827,1.0294425040498043,0.4081593312619063,3
1.6692573295070718,1.0848425086601685,1.4621969160049277,1.1440286848188943,0.7136763521439295,1.0150386195806094,1.2754283558279782,1.0490368751820904,1.1211021395392955,0.5228139033983632,3
0.48112675863201754,0.11567731308594467,0.4769681305626164,0.23532315519375177,-0.34672266276841623,-0.342231800876092,-0.1547054384337513,-0.2468071829329484,-0.2122861427700961,-0.08256223748212824,3
0.4643689226535261,0.25964750518211566,0.494060926979034,0.39595292053152936,-0.34722498347656977,-0.3323247175150942,-0.17433264555084466,-0.18900001305421057,-0.20882728860068142,0.004575237341578815,3
0.4533832301787371,0.15079199408501062,0.42363860574339357,0.16648182719184684,-0.24625852113768712,-0.22334680054411807,-0.05312137997636218,-0.2179035979935795,-0.11846472342472054,0.13757454101986857,3
0.46232074270059936,0.1367461216853842,0.39799941111876713,0.22614431146016425,-0.4110197134120827,-0.31746409247359736,-0.18202438888051659,-0.23717265461982545,-0.31518705431018534,-0.12383788345125259,3
0.2988387428215369,0.301785122380995,0.2879218021970375,0.29957506132886275,-0.2045659023609346,-0.11932242525364098,0.15667755015365034,-0.1456446356451573,0.02334829752128486,-0.2522510042440842,3
0.3038660936150843,0.30880805858080806,0.2995449037602016,0.1802500927922279,-0.22114248573000483,-0.2283003422246171,0.1489858068239788,-0.06856840914017354,-0.006484319689917695,-0.2522510042440842,3
0.21020841031307014,0.30880805858080806,0.1973299811900242,0.30416448319565625,-0.2979975540775125,-0.18371846710012676,0.09461313845905778,-0.10228925823610382,-0.07998497078998126,-0.21097535827495964,3
0.8041805966618278,-0.12310251770770488,0.018710258638460087,-0.14100943788332773,-0.5200233070814239,-0.619630134984031,-0.32498472180096766,-0.29979708865512467,-0.36836693716493735,-0.472387782746081,3
0.08787620767008164,-0.1055451772081716,-0.03479019414492697,0.005852061854069028,-0.42056380686700207,-0.47597742624956263,-0.298196236411421,-0.5551120889528833,-0.35236973663139415,-0.43111213677695653,3
0.7103367151822748,0.5089617402754848,0.6431101117301955,0.5106884672013706,1.7002342229576894,-0.08464763349014869,0.1611865031400097,-0.04448208835736621,0.04496613608012714,0.032092334654328446,3
0.6634147744424984,0.4317094420775392,0.6892606620545232,0.5887086389368626,0.053626941630039233,-0.13913659197563663,0.20839789323247782,0.10003583633947838,0.05188384441895652,-0.01835567708571244,3
0.14001169738094432,-0.1511942625069576,0.09015814765908584,-0.017095047479899143,-0.6320408249996868,-0.6889797185110156,-0.3719308793648263,-0.4154114284126003,-0.4682413513067888,-0.33480229618233287,3
0.7166674532185939,0.5440764212745508,0.5902933708034653,0.5428144202689263,0.09682652253125272,0.09367986700781225,0.2884981168725082,0.13857394959197028,0.15824361012846058,0.0871265292798277,3
0.7961740750276595,0.46331265497669893,0.7073790262559259,0.7906432010757835,0.18824889141521622,-0.035112216685159535,0.4561250749536306,0.2541882893494457,0.23304133154205472,0.009161420227037188,3
0.06348424641249939,-0.21440068830527662,0.008454580788609617,-0.1823142346844705,-0.5958737340126243,-0.5800018015400397,-0.360260648106014,-0.29016256034200166,-0.520556520619187,-0.4265259538914983,3
0.019727674690882296,-0.19684334780574347,-0.00812543173531545,-0.10888348481577224,-0.618980486587692,-0.619630134984031,-0.41702040922841943,-0.5984674663619366,-0.48121205444209403,-0.3118713817550416,3
0.044864428658619844,-0.2916529865032219,-0.019406677370151018,-0.16395654721729588,-0.6054178274675436,-0.7187009685940091,-0.33904204581726416,-0.6370055796144284,-0.39430834343554816,-0.5962147206534543,3
0.05473293206817603,-0.22493509260499636,-0.009663783412793094,-0.18690365655126426,-0.6235013729610748,-0.6592584684280223,-0.38731436602416974,-0.39614237178635436,-0.5196918070768333,-0.5320081602570385,3
0.6632285762649596,0.4843814635761384,0.663792395394061,0.5795297952032755,-0.06893931115945016,-0.09455471685114651,0.12935859970688546,0.013325081521371629,0.025942438148345726,0.16050545544715983,3
0.07167696622420636,-0.21088922020536993,0.03477748726989285,-0.11806232854935955,-0.6034085446349291,-0.6295372183450287,-0.35071227707607666,-0.5213912398569528,-0.3934436298931945,-0.25683718712954234,3
0.06516003001034862,-0.18630894350602373,0.05460513111293722,-0.0813469536150103,-0.6350547492486087,-0.6543049267475233,-0.3820097154519824,-0.5069394473872685,-0.43538223669734843,-0.40359503946420705,3
0.8026910112415175,0.1191887811858512,0.7024221152951646,0.2399125770605453,-0.03628846512946328,-0.054926383407155194,0.30547299870350797,0.28309187428881466,0.4487873603593008,0.19260873564536785,3
0.8388134576840438,0.0981199725864117,0.6966105645135828,0.20319720212619607,-0.08601821523667429,0.01442320011982961,0.3219174154772887,0.18192932700102354,0.34761587590391907,0.0229199688834119,3
0.671048899721589,0.15079199408501062,0.5497834432965555,0.24450199892733887,-0.02573973025823668,0.06891215860531756,0.5558525057107543,0.4902342330209584,0.5754678943141165,0.04585088331070315,3
0.6596908108917224,0.2456016327824892,0.5417498289808392,0.20319720212619607,0.013943605685901275,0.272007367505773,0.6070423837323627,0.3746198932634828,0.5914650948476596,-0.05045895728392044,3
0.10035148556518098,0.12972318548557113,-0.1342702692884775,0.1710712490586406,-0.43965199377684056,-0.11932242525364098,0.17100010669855656,0.1241221571222857,0.04323670899541949,-0.46780159986062275,3
0.21039460849060904,0.3685030162792204,-0.0505155668480312,0.25827026452771995,-0.30955093036504633,-0.059879925087654,0.3786771765996942,0.18192932700102354,0.24168846696559176,-0.3256299304114163,3
0.7742026900780817,0.8601085502661456,0.5966177054775397,0.6759076544059422,0.1601189317586123,0.8614788274851433,1.0788910521284343,0.8707981013893156,0.7799726470807646,0.12381599236349387,3
0.7548380796140469,0.9584296570635304,0.4740623551718253,0.8411268416105133,0.037050358260969016,0.5989411184187009,0.9913643176873419,0.8274427239802623,0.67231581105773,-0.04587277439846207,3
0.22044931007770385,0.34743420767978084,-0.0009464572404200224,0.19401835839260856,-0.3416994556868797,-0.09455471685114651,0.20548033541777475,0.2541882893494457,0.16775545909435113,-0.3898364908078321,3
0.018796683803188375,-0.2038662840055567,-0.13768882857176093,-0.1134729066825658,-0.5988876582615462,-0.38681367600058214,-0.023945801829331315,-0.22272086215014086,0.041507281910712145,-0.47697396563153927,3
0.6345540569239851,0.740718634869321,0.3858635256631105,0.7860537792089896,-0.07697644248990833,0.3958459095182455,0.7346192299934704,0.6154831010915569,0.4885641833075706,-0.11007933479487787,3
1.7195308374425464,1.625608596045786,2.1004419341939613,1.5708449184307038,2.447687436690314,1.5946029961989823,4.305709995190044,1.7619919703531894,5.870108914145767,1.761083282472095,5
2.3339848233205713,2.6509572812185156,2.6645042159357426,2.273026464050133,3.2589353803584515,2.2435169563443393,4.650512282382227,2.181093951974039,5.870108914145767,1.866565488837635,5
0.09979289103256457,-0.2319580288048096,0.13306106666429413,-0.3291757344218675,0.6302911145904245,-0.06978700844865184,0.3951215933734753,0.08076677971323243,0.5841150297376535,0.041264700425244986,5
0.5265591139514838,0.319342462880528,0.7148998566791496,0.12517703039070405,0.9161115975298487,0.4651954930452305,1.9186172377057034,0.5335896104300117,2.470487622382231,0.3944007826055316,5
1.0030402502732614,0.8776658907656786,1.1246141867806798,0.6713182325391482,2.0759701126566164,1.000177994539113,1.7860009734010178,1.0586714034952132,1.991003963147109,0.8300881567240671,5
1.035438733165012,0.926826444164371,1.0820531237037998,0.8273585760101327,1.5133709195245333,1.0546669530246007,1.7356067929652372,0.9815951769902294,2.088284236661899,1.004363106371481,5
0.055477724778331065,-0.0002011342109734152,-0.15290141738237262,0.060925124255592884,0.8116288902338905,0.4255671596012392,0.7298450444785018,0.5432241387431345,0.6550215402106563,0.5549171835965707,5
-0.14096135252509812,-0.03180434711013284,-0.3827995291831896,0.015030905587656337,0.8422704534312629,0.4404277846427361,0.6701677255413934,0.504686025490643,0.8175876861731501,0.6374684755348199,5
-0.3064915323570873,-0.32676766750228803,-0.43424884639660655,-0.26951325015355004,0.6825324682384036,0.18779715893729151,0.8009273621458132,0.1289394212788473,0.6818276600236206,0.7521230476712766,5
-0.6267523977238156,-0.8008158609896802,-0.734569279433064,-0.8156544523019944,-0.2030589402364736,-0.560187634818044,-0.3711351817789981,-0.5791984097356906,-0.36447572622434576,-0.44945686831878967,5
-0.5675413772664785,-0.7586782437908008,-0.7061952373818109,-0.7468131243000896,-0.0528650484985335,-0.44625617616656915,-0.34195960363196726,-0.5406602964831988,-0.26373659854014064,-0.4586292340897062,5
-0.5029306096605165,-0.7621897118907073,-0.6415844669277523,-0.792707342968026,0.04106892392619809,-0.42148846776407445,-0.2016515959976099,-0.47803586244789953,-0.08819974944234153,-0.33480229618233287,5
-0.5500387485778317,-0.6533342007936026,-0.6826071783271546,-0.48521607789285154,-0.6867937821884342,-0.6988868018720135,-0.7047977027695871,-0.6466401079275513,-0.9036246198818723,-0.6237318179662038,5
-0.5824372314695823,-0.5901277749952836,-0.667565517480707,-0.49898434349323256,-0.7038726862656581,-0.6840261768305167,-0.6992278196687904,-0.6321883154578669,-0.8690360781877247,-0.6374903666225785,5
-0.5558108920815344,-0.6779144774929489,-0.6836327461121395,-0.55864682776155,-0.6888030650210488,-0.8029111771624905,-0.7734929276794142,-0.8056098250940803,-0.8716302188147856,-0.6695936468207865,5
0.19065760167149667,0.4422438463772591,-0.14657708270829814,0.49233077973419603,0.42735354849635176,0.039190908522324076,0.19884952220254046,0.16747753453133898,-0.31518705431018534,0.6558132070766529,5
0.22454566998355732,0.5089617402754848,-0.12948428629188052,0.7355701386742596,0.5524314048266092,0.153122367173799,0.2805411410142267,0.49505149717751984,-0.17812995784712535,0.7062612188166936,5
-0.36123379655349314,-0.30569885890284837,-0.5195419005145305,-0.1226517504161531,-0.41554059978546554,-0.5899088849010375,-0.48545040160963715,-0.38169057931666983,-0.6571812603110702,-0.43111213677695653,5
-0.3398210061365317,-0.344325008001821,-0.5215930360845006,-0.12724117228294685,-0.3954477714593198,-0.42644200944457344,-0.41330715382788824,-0.3335179377510549,-0.5482273539745052,-0.33938847906779124,5
-0.35322727491932493,-0.14768279440705093,-0.515097773446262,-0.04004215681386752,-0.38791296083701515,-0.38681367600058214,-0.5154216773424962,-0.3190661452813706,-0.6308074972692826,-0.1330102492221691,5
-0.3625371837962647,-0.32676766750228803,-0.5227895318336498,-0.20526134401843887,-0.43010790032192137,-0.5007451346520571,-0.470332147478903,-0.39614237178635436,-0.5780599711857075,-0.37149175926599903,5
-0.2686933023167118,-0.021269942810413237,-0.5603936839497686,0.08846165545635482,-0.5612136051500228,-0.48588450961056023,-0.48385900643798085,-0.5213912398569528,-0.5776276144145306,-0.678766012591703,5
-0.37128849814058806,-0.15470573060686416,-0.6195347595505736,-0.28787093762072447,-0.8038345071882336,-0.723654510274508,-0.6331849200450569,-0.6659091645537972,-0.6835550233528578,-0.7704896703008683,5
0.3774143737429086,1.2393471050560594,-0.10179395609728405,1.0017566069482915,0.49717612692970853,0.30668215926926523,0.48291356034317723,0.5673104595259422,-0.08906446298469506,0.13757454101986857,5
0.4377425832654782,1.3271338075537245,-0.036328545822404607,1.2174594346875929,0.486125071350328,0.31658924263026306,0.4868920482723176,0.38907168573316736,-0.10895287445882999,0.41733169703282286,5
0.3303062348255933,0.15079199408501062,0.3997086907604088,0.019620327454450096,0.5519290841184558,0.4107065345597424,1.9981869962885148,0.5191378179603271,2.4281166588069,0.229298198729034,5
0.35060183617732205,0.24209016468258235,0.4332105717365872,-0.012505625613105592,0.6222539832599661,0.40575299287924355,1.2024894104604011,0.29754366675849897,1.8491909422011037,0.23847056449995055,5
-0.6835428418731482,-0.8569993505881859,-0.6643178861615877,-0.8890852021706929,-0.8701408406645148,-0.8425395106064819,-0.7811846710090861,-0.8682342591293796,-0.6381575623792891,-0.8117653162699928,5
-0.656357907952484,-0.8148617333893066,-0.624833526439663,-0.7789390773676452,-0.8013229036474653,-0.8722607606894753,-0.6817224727805719,-0.8345134100334491,-0.6593430441669544,-0.7934205847281597,5
0.0794972896808358,0.03842501488799938,0.10810558389632428,0.1710712490586406,0.08125458057848996,-0.09950825853164531,0.6497448208384715,0.16747753453133898,1.2330825432740986,-0.0412865915130039,5
0.05063657216232255,-0.010735538510693327,0.16040954093056223,0.20778662399298964,-0.46928891555790564,-0.342231800876092,-0.5021600509120276,-0.3142488811248092,-0.590598317549836,-0.3118713817550416,5
-0.481517819243555,-0.6182195197945365,-0.38485066475315965,-0.43932185922491496,-0.9158520251064965,-0.832632427245484,-0.8639372199352098,-0.8730515232859409,-1.013010882989614,-0.7567311216444935,5
0.9695245783162781,0.6002599108730565,1.1059830386867846,1.2495853877551486,0.3856609297195989,0.18779715893729151,0.354806249024851,0.38907168573316736,0.41290174835162263,-0.09632078613850295,5
1.374691812640697,1.1129342534594213,1.5021940596193448,1.4331622624268943,1.2722569796107837,0.9159677859706314,1.3640160203835083,1.27544829054048,1.4380196528119233,0.46319352588740553,5
0.8814528403404278,0.6880466133707217,0.9702662351404286,0.703444185606704,0.44192084903280743,0.2571467424642763,0.5341034383647857,0.3601681007937984,0.5841150297376535,0.07795416350891116,5
0.3286304512277441,0.1788837388842635,0.4439790334789305,0.34087985813000554,0.025999302681588867,-0.09950825853164531,0.28319346630032066,0.0036905532082486562,0.4682434150622589,-0.2522510042440842,5
0.8153524873141554,0.7617874434687605,0.8866824606641466,0.8961999040120372,0.5534360462429168,0.4255671596012392,0.6783899339282835,0.437244327298782,0.933026944077368,0.0550232490816197,5
1.3674300837166842,1.302553530854378,1.4763839370305545,1.7590112149692434,1.3194751261772262,1.10420236982959,1.600338203374458,0.7118283842227866,1.5538912674873182,0.5411586349401962,5
1.2074858492108589,1.105911317259608,1.279987706205916,1.2863007626894978,1.1773183657697446,0.8367111190826488,1.2937294003020248,0.9478743278942993,1.3351187412718342,0.2935047591254496,5
0.6652767562178863,0.40361769727828634,0.75421328843691,0.6621393888055611,0.394200381758211,0.4206136179207404,0.48291356034317723,0.24455376103632276,0.6731805246000835,0.14674690679078511,5
1.1683842319277118,0.8987346993651181,1.2458021133730808,1.2174594346875929,1.0833843933450127,0.7227796604311737,1.1356508132508398,0.9719606486771066,1.143584691640492,0.43109024568919774,5
1.5891921131653894,1.2920191265546586,1.724400413032774,1.7268852619016881,1.5435101620137517,1.3667400788960324,1.5982163431455831,1.2417274414445494,1.6939748613486159,0.642054658420278,5
0.11692312336613378,-0.03531581521003968,0.173741922135368,0.12058760852391029,0.00038094656575304506,-0.005390966602166048,0.19725812703088416,-0.16973095642796462,0.19758807630555336,-0.16052734653491876,5
1.1560951522101512,0.7477415710691341,1.2116165205402454,1.020114294415466,1.0823797519287055,0.712872577070176,1.0913569809730748,0.9189707429549302,1.1042402254633985,0.32102185643819925,5
0.2193321210124713,-0.09149930480854515,0.30210882322266436,0.11140876479032298,0.0,0.0,0.06543756031202672,-0.33833520190761657,0.10463137050253163,-0.38066412503691555,5
0.15825911877974635,-0.059896091909385725,0.20519266754157645,0.056335702388799334,-0.16136632145972113,-0.2976499257516017,0.15190336463868187,-0.3335179377510549,0.17899673514494902,-0.25683718712954234,5
0.3735042120145937,0.326365399080341,0.4354326352707217,0.350058701863593,-0.03528382371315583,-0.035112216685159535,0.14076359843708822,-0.07338567329673512,-0.22741862976128577,-0.20638917538950147,5
0.507194503487449,0.2175098879832363,0.5161106343562128,0.5198673109349582,0.15861196963415133,-0.14409013365613543,0.22722940276374337,-0.09265472992298085,-0.1448384864665081,-0.2339062727022511,5
0.3789039591632189,0.2456016327824892,0.41116086435940863,0.2812173738616881,0.07321744924803143,-0.32241763415409636,0.07047697835560471,-0.2179035979935795,0.033292503258352174,-0.1834582609622102,5
0.4330876288270083,0.2736933775817421,0.4880784482332879,0.5428144202689263,0.08527314624371903,-0.14904367533663446,0.14421162130900994,-0.2853452961854403,-0.2170420672530414,-0.2751819186713754,5
-0.021794518900269035,-0.11959104960779804,0.14041096912335357,0.024209749321243645,-0.5039490444205073,-0.4512097178470679,-0.42020319957173186,-0.3238834094379322,-0.705605218682877,-0.5641114404552463,5
0.2858048703938212,0.11567731308594467,0.7323345090238955,0.5841192170700691,0.1656444595483024,0.059005075244319735,0.11211848534727618,0.03259413814761757,-0.2395246193542375,-0.10549315190941949,5
-0.2549146371788409,-0.36890528470116735,-0.17050699769128277,-0.19149307841805782,-0.7129144590124238,-0.7335615936355059,-0.7207116544861494,-0.5406602964831988,-1.008254958506669,-0.5595252575697881,5
-0.736423124294166,-0.9447860530858511,-0.7350820633255566,-0.8569592491031373,-0.9550330403424809,-0.9366568025359612,-0.7642097891780862,-0.9549450139474862,-0.682690309810504,-0.8622133280100337,5
-0.7868828304071797,-0.99745807458445,-0.768413016337571,-1.0588938112420578,-1.0575064648058246,-1.0258205527849416,-0.9111486100276779,-1.0561075612352775,-0.9135688256189396,-0.8805580595518667,5
-0.7775729215302398,-0.9904351383846369,-0.7605503299860188,-0.9212111552382483,-1.0630319925955147,-1.0307740944654404,-0.8061165286983668,-1.0223867121393468,-0.7873206484353008,-0.8667995108954919,5
0.0018526496471580481,-0.03531581521003968,0.017342834925146707,0.14353471785787866,0.24852737639365383,0.004516116758831782,0.5791929682283788,0.3023609309150606,1.1245609937087102,0.22012583295811747,5
-0.5340257053094953,-0.5479901577964043,-0.5051839515247396,-0.5035737653600262,-0.2864441777899786,-0.5255128430545516,-0.3358592554739518,-0.3142488811248092,-0.30653991888664844,-0.33480229618233287,5
0.12474344682276296,0.18239520698417006,0.2026287480791137,3.856377008093942,0.28168054313179425,-0.005390966602166048,0.5818452935144725,0.18192932700102354,1.2650769443411851,0.04585088331070315,5
0.16365886592837128,0.2772048456816486,0.24826651451094875,0.21237604585978317,0.40575375804574504,0.07881924196631539,0.42694949680659994,0.278274610132253,0.8474203033843524,0.0550232490816197,5
-0.5856026004877416,-0.7937929247898668,-0.5949211327109322,-0.6183093120298674,-0.8294528633040695,-0.8177718022039873,-0.7085109581701182,-0.8489652025031337,-0.6727461040734366,-0.76590348741541,5
-0.6021742382886944,-0.7762355842903338,-0.6217568230847078,-0.7422237024332959,-0.8952568760721971,-0.9019820107724689,-0.8299874562732105,-0.983848598886855,-0.7795382265541175,-0.885144242437325,5
-0.6729295457534367,-0.9026484358869717,-0.6797014029363635,-0.834012139769169,-0.9680933787544757,-0.9960993027019481,-0.7591703711345082,-0.983848598886855,-0.7964001406300145,-0.9631093514901156,5
-0.5684723681541726,-0.8675337548879056,-0.573384209226246,-0.7651708117672642,-0.7862532824028561,-0.9069355524529678,-0.4886331919529496,-0.9212241648515558,-0.3389666767249119,-0.8622133280100337,5
0.4163297928485169,0.2842277818814617,0.4311594361666173,0.3913634986647358,-0.057385934871916476,-0.20848617550262144,0.06517232778341758,-0.12155831486234978,0.1815908757720102,-0.2705957357859173,5
-0.38506716327845897,0.09460850448650485,-0.30844586477177294,0.09305107732314837,0.09481723969863819,-0.02025159164366268,-0.23851891747431253,-0.1456446356451573,-0.38133764030024275,-0.04587277439846207,4
-0.37370907444859247,0.48789293167604497,-0.2795590388280272,0.5703509514696881,0.18071408079291162,0.2670538258252739,-0.21862647782860967,0.06149772308698649,-0.3419931741231498,0.18802255275990948,4
-0.8267292404004819,-0.7095176903921082,-0.7516620758494816,-0.8431909835027562,-0.8389969567589888,-0.9168426358139655,-0.9811699975805519,-0.8537824666596951,-1.0181991642437362,-0.6329041837371203,4
-0.29699542530260864,0.3825488886788468,-0.2004193914200136,0.060925124255592884,0.2856991087970237,-0.07474055012915086,-0.32471948927235816,-0.16009642811484165,-0.5188270935344796,0.04585088331070315,4
-0.5383082633928876,-0.16172866680667736,-0.51133735823465,-0.3062286250878991,-0.19401716748970801,-0.28278930071010505,-0.5798731817945734,-0.4828531266044609,-0.6217280050745688,-0.2705957357859173,4
-0.5019996187728226,-0.0669190281091991,-0.44125689292733783,-0.09970464108218492,-0.09405534656713245,-0.17381138373912894,-0.4114505261276226,-0.3913251076297928,-0.5577392029403958,-0.19263062673312675,4
-0.621725046930268,-0.27058417790378225,-0.5790248320436637,-0.3154074688214864,-0.41453595836915824,-0.39672075936157997,-0.6796006125516969,-0.4154114284126003,-0.7501379661140921,-0.3026990159841251,4
-0.6271247940788931,-0.25302683740424925,-0.5580006924514701,-0.29246035948751825,-0.4441728801502233,-0.5007451346520571,-0.7228335147150244,-0.5743811455791291,-0.7834294374947092,-0.3118713817550416,4
-0.6394138737964535,-0.3548594123015409,-0.586032878574395,-0.5081631872268196,-0.5280604384118822,-0.5205593013740527,-0.8090340865130701,-0.6273710513013055,-0.8867627058059753,-0.41276740523512356,4
-0.6075739854373196,-0.4847837319980853,-0.7079045170234526,-0.55864682776155,0.07020352499910981,-0.2877428423906039,-0.30058332916890546,-0.22753812630670248,-0.35582859080080886,-0.22014772404587618,4
-0.601615643756078,-0.4215773061997664,-0.6848292418612889,-0.5678256714951373,0.13902146201615911,-0.25802159230761035,-0.2467411258612031,-0.3238834094379322,-0.09295567392528681,-0.3256299304114163,4
-0.6288005776767424,-0.36890528470116735,-0.7210659702640941,-0.5448785621611689,0.06618495933388037,-0.19857909214162361,-0.2936872834250617,-0.2708935037157557,-0.39819955437613974,-0.2476648213586258,4
-0.6058982018394704,-0.3162332632025681,-0.6945721358186467,-0.4485007029585023,0.13450057564277615,0.0441444502028231,-0.22552252357245348,-0.08783746576641947,-0.32383418973372236,-0.2018029925040431,4
-0.5965882929625307,-0.488295200097992,-0.6964523434244527,-0.5081631872268196,0.030017868346817946,-0.3026034674321007,-0.4175508742856381,-0.38169057931666983,-0.4656472106797276,-0.2705957357859173,4
-0.5589762610996939,-0.4461575828991126,-0.7220915380490791,-0.5724150933619309,0.20080690911905735,-0.08464763349014869,-0.28334321480929636,-0.18900001305421057,-0.330319541301375,-0.1375964321076275,4
-0.6027328328213108,-0.36188234850135415,-0.6892733689295574,-0.5265208746939943,0.07974761845402896,-0.19857909214162361,-0.31119263031328026,-0.32870067359449356,-0.35712566111433947,-0.20638917538950147,4
0.5245109339985569,1.8362966820401825,0.5378184858050631,1.8232631211043548,2.314070128321444,2.1048177892903692,1.4210410140345229,1.6511948947522757,1.2940448480100337,1.2520169821862277,4
-0.16814628644576227,0.1472805259851041,-0.29101121242702693,0.30416448319565625,1.402860363730731,1.2478550785640583,0.5704402947842696,0.7600010257884012,0.43841079785105636,0.6053651953366118,4
-0.5952849057197591,-0.389974093300607,-0.6853420257537814,-0.5678256714951373,0.12596112360416442,-0.24811450894661255,-0.21783078024278155,-0.32870067359449356,-0.28838093449722085,-0.2018029925040431,4
-0.5662379900237069,-0.344325008001821,-0.6574807675950206,-0.44391128109170874,0.17770015654398963,-0.14904367533663446,-0.288913097910093,-0.22272086215014086,-0.30221635117487994,-0.11925170056579441,4
1.0073228083566537,2.6439343450187023,0.6078989511123755,0.5382249984021323,3.6155830831475395,3.5017165431910624,3.138686869308811,3.1349122549732114,4.097446152320701,2.3068390458416292,4
1.1609363048261598,3.307601815901051,0.9256540364935787,2.6723061664611802,4.028490705249836,4.170444670058416,3.2978263864744335,3.2986992362963017,3.8596499281734356,2.412321252207169,4
-0.4656909741527574,-0.1055451772081716,-0.5434718154975151,-0.2832815157539309,0.43338139699419537,0.09863340868831105,-0.005644757355284573,0.0904013080263554,-0.06312305671408426,-0.03211422574208735,4
-0.016580969929182742,0.12972318548557113,0.0,-2.0381127304929915e-16,1.027626794739958,0.821850494041152,0.2919461397444299,0.5528586670562576,0.9062208242644033,0.4081593312619063,1
-0.13351342542354633,0.12972318548557113,-0.0009464572404200224,0.2215548895933707,1.039180171027492,0.7822221605971607,0.4110355450900374,0.5143205538037657,0.9213533112555929,0.3898145997200732,1
-0.04022813847660969,0.13323465358547765,0.009309220609430449,0.1802500927922279,1.026119832615497,0.6831513269871823,0.34313601776603836,0.5191378179603271,0.9114091055185257,0.42650406280373937,1
0.6224511753839633,1.193698019757273,0.7507947291536267,0.9925777632147039,2.2688612645876165,1.9562115388754024,1.1353855807222302,1.6704639513785215,-3.072079630163995e-16,0.0,1
-0.18955907686272372,-0.0002011342109734152,-0.0995718925631497,-0.12724117228294685,0.5504221219939948,0.1134940337298079,-0.010949407927472073,-0.015578503417997288,0.68053058971009,-0.03211422574208735,1
-0.13202384000323586,-0.01424700661059986,-0.03359369839577761,-0.026273891213486455,0.9201301631950778,0.489963201447725,0.27497125791343013,0.2541882893494457,0.8690381419431946,0.16509163833261822,1
-0.21916458709139214,0.03491354678809254,-0.12127974401200001,0.07469338985597375,0.5132503895906252,0.20761132565928717,-0.03296370780204984,0.10485310049603976,0.6619392485494856,-0.01376949420025427,1
0.8605986444560829,1.365759956652697,1.0244503997804728,1.4606987936276565,2.206573496776564,2.357448414995815,1.2650842872122128,1.9257789516762798,1.965494913647675,1.9170135005776767,1
0.9816274598563,1.7133952985434513,1.1521335890111124,1.5616660746971167,2.5426260505313527,2.823081332962712,1.4457076391951946,2.267804706792145,2.0485074137136294,2.031668072714133,1
0.701957797193029,0.926826444164371,0.8470271729780579,0.9742200757475292,2.103597751605067,1.8175123718214328,1.043615125823388,1.4151489510807629,1.7670431556775028,1.4538090291463912,1
0.814049100071384,1.0953769129598883,1.0302619505620543,1.1027238880177517,2.281419282291458,1.7432092466139495,1.292403237658978,1.5403978191513614,2.024295434527726,1.4767399435736828,1
0.31168641707171374,0.4914043997759515,0.43953490641066184,0.5519932640025135,1.4616318865847078,1.138877161593082,0.7152572554049862,1.0586714034952132,1.4726081945060714,0.999776923486023,1
0.3440848999634641,0.5019388040756714,0.44961965629634826,0.36841638933076765,1.5123662781082263,0.9506425777341235,0.687938304958221,0.8515290447630696,1.57421203573263,0.7475368647858179,1
0.4651137153636811,0.7266727624696946,0.5981560571550173,0.7631066698750213,1.7765869705970434,1.5351604960329952,0.8783752604997496,1.2658137622273566,1.6226359941044368,1.0823282154242717,1
0.45431422106643105,0.6704892728711888,0.5636286083938538,0.8135903104097516,1.6801413946315433,1.327111745452041,0.834346660750594,1.2128238565051808,1.5487029862331958,1.004363106371481,1
0.6384642186522997,0.9689640613632503,0.8649746092152962,0.9191470133460053,1.8735348672706973,1.5252534126719972,1.1096580254471213,1.2609964980707953,1.898047257344087,1.343740639895393,1
1.0602030907776716,1.3341567437535375,1.3572471460081237,1.3046584501566725,2.6521319649088477,2.1840744561783523,1.380460437157289,1.776443762822874,1.90453260891174,1.77484183112847,1
1.2179129471530314,1.804693469141023,1.4680084667865096,1.6442756682994022,2.9093201674835147,2.6843821659087426,1.6143955273907546,2.2581701784790225,0.6312419177959295,2.2747357656434213,1
0.9637524348125754,0.8706429545658652,1.0577813527924869,1.0109354506818784,1.933311031540981,1.64909195468447,1.4642739161978506,1.4055144227676397,2.615327140726474,1.435464297604558,1
0.7896571388138017,1.4921728082493346,1.0249631836729654,1.323016137623847,1.7158061649104526,1.8076052884604352,0.9388482770226863,1.4055144227676397,1.271562295908838,1.3483268227808511,1
1.030597580549003,1.4078975738515767,1.0406885563760693,1.2908901845562912,2.665192303320843,2.5952184156597626,1.3661378806123832,2.08956593299937,1.9434447183176562,1.8528069401812606,1
0.38728287715246473,0.6283516556723094,0.5162815623203768,0.556582685869307,0.8106242488175831,0.5196844515307183,0.11901453109111997,0.49505149717751984,-0.07004076505291394,1.1648795073625204,1
0.3420367200105373,0.5546108255742707,0.47611349074179554,0.35923754559718013,0.7533596880880675,0.489963201447725,0.05138023629573001,0.4227925348290974,-0.11370879894177527,1.2382584335298528,1
0.13628773383016837,0.6353745918721225,0.2660430227840232,0.7080336074734975,1.352125972207213,1.094295286468592,0.4845049555148335,0.6973765917531021,0.582817959424123,0.8209157909531503,1
0.33384400019883037,1.035681955261476,0.4855145287708252,1.189922903486831,1.7328850689876767,1.5252534126719972,0.7160529529908143,1.1887375357223735,0.7652725168607517,1.4033610174063504,1
-0.3589994184230276,-0.2284465607049029,-0.3033180258468477,-0.20067192215164512,0.10787757811063323,-0.11436888357314196,-0.3032356544549992,-0.24198991877638681,-0.050152353578779015,-0.2935266502132085,1
-0.42826514046745956,-0.263561241703969,-0.3949354146388461,-0.26033440641996275,0.07522673208064598,-0.18371846710012676,-0.4390347091029972,-0.30461435281168625,-0.16170040054240511,-0.3256299304114163,1
-0.4131830880868171,-0.30921032700275486,-0.3722019954050106,-0.15018828161691503,-0.042316313627306895,-0.13913659197563663,-0.4109200610704038,-0.24198991877638681,-0.20969200214303493,-0.3118713817550416,1
1.4960930243959918,2.1066797257329912,2.032070748528291,1.9838928864421326,2.0202125140515617,2.2435169563443393,1.613069364747708,2.2726219709487068,0.5516882718993901,3.077317770598618,1
1.4402335711343532,1.8362966820401825,0.22023432838802387,1.7039381525677197,2.0639144156609284,1.8868619553484178,1.5998077383172393,1.8631545176409805,0.5443382067893837,2.444424532405377,1
1.4960930243959918,2.0856109171335517,2.032070748528291,1.951766933374577,2.109123279394757,2.228656331302842,1.6411840127803012,1.9016926308934725,0.6230271391435696,2.72876787130379,1
-0.1348168126663179,-0.19333187970583696,0.021786961993415375,-0.23738729708599438,0.1420353862650811,0.07386570028581659,0.05084977123851137,0.07113225140010947,0.3277274644297841,-0.06880368882575352,1
-0.25826620437453923,-0.42860024239957967,-0.10640901112971674,-0.4163747498909468,-0.027749013090851222,-0.1886720087806258,-0.056569402848283885,-0.20826906968045653,0.2096940658985051,-0.14676879787854405,1
1.014212140925589,1.1234686577591413,1.1666624659650673,1.1302604192185133,1.9418504835795931,1.5500211210744916,1.3356361398223053,1.4633215926463776,0.9408093659585511,2.2839081314143375,1
0.9827446489215328,0.9689640613632503,1.1476894619428435,0.8778422165448626,1.942352804287747,1.302344037049546,1.3430626506233678,1.0923922525911436,0.874226423197317,2.4398383495199187,1
0.9719451546242824,1.0743081043604485,1.122733979174874,1.189922903486831,1.840381700532557,1.4261825790620188,1.273041263070494,1.3284381962626564,0.952050642009149,1.8207036599830528,1
1.0227772570923737,1.2885076584547515,1.1840971183098128,1.2174594346875929,1.9835431023563455,1.6243242462819754,1.3589766023399303,1.3910626302979556,0.8936824779002749,1.8298760257539692,1
1.1587019266956944,1.2779732541550317,1.3563925061873026,1.373499778158577,2.2377173806820903,1.7283486215724526,1.5751411131565676,1.6367431022825911,1.0955930900398616,2.3114252287270873,1
-0.3256699446435833,-0.5444786896964977,-0.23426312832452056,-0.5632362496283435,-0.11515281630958565,-0.3719530509590853,-0.30350088698360855,-0.4298632208822847,-0.2360657651848225,-0.19263062673312675,1
-0.36756453458981225,-0.6427997964938827,-0.353228991382787,-0.6687929525645975,-0.10058551577312996,-0.3669995092785865,-0.3658305312068108,-0.4394977491954076,-0.4077114033420303,-0.10549315190941949,1
-0.056799776277562504,-0.33379060370210123,-0.04880628720638929,-0.46226896855888333,0.008418077896211202,-0.1886720087806258,-0.04330777641781533,-0.15046189980171867,0.22828540705910946,-0.22932008981679272,1
0.5470409134807512,0.5300305488749243,0.597814201226689,0.3317010143964184,0.9989945143752001,0.8713859108461413,0.8470778221238436,0.8129909315105777,1.271994652680015,0.674157938618486,1
0.4744236242406209,0.5440764212745508,0.6010618325458084,0.36841638933076765,0.8879816378732445,0.7079190353896773,0.8043753850177349,0.5962140444653109,1.2244354078505617,0.5549171835965707,1
0.6636009726200374,0.6880466133707217,0.7362658521996716,0.5015096234677835,1.1471791232805257,0.8515717441241456,1.0046259441178105,1.034585082712406,1.3748955642201042,0.9263979973186907,1
0.5922870706226784,0.470335591176512,0.7304543014180895,0.27662795199489454,1.152704651070216,0.7079190353896773,0.9149773494478427,0.6636557426571715,1.5011437414037432,0.623709926878445,1
0.5347518337631908,0.3368998033800609,0.5732005743870477,0.1389452959910849,1.0889099211347026,0.6930584103481804,0.9701457153985918,0.6684730068137333,1.3865691970418788,0.6649855728475693,1
0.6524290819677094,0.6037713789729631,0.7159254244641347,0.30416448319565625,1.2039413633018878,0.7574544521946661,1.0624466353546531,0.837077252293385,1.383542699643641,0.5870204637947788,1
-0.5550660993713792,-0.6779144774929489,-0.48604001953835196,-0.714687171232534,0.07824065632956796,-0.337278259195593,-0.5883606227100733,-0.3527869943773009,-0.828394541697101,0.10088507793620241,1
-0.5870921859080521,-0.6919603498925753,-0.5002270405639786,-0.8248332960355816,-0.47280516051498117,-0.5106522180130549,-0.6809267751947436,-0.4973049190741455,-0.8703331485012551,-0.01835567708571244,1
-0.5403564433458143,-0.6919603498925753,-0.45202535466968086,-0.7238660149661214,-0.4200614861588483,-0.4016743010420788,-0.5841169022523233,-0.3479697302207395,-0.7860235781217702,0.0871265292798277,1
-0.658964682438027,-0.6006621792950033,-0.7091010127726018,-0.6274881557634547,-0.4522100114806817,-0.5899088849010375,-0.6833138679522281,-0.6610919003972358,-0.6057308045410257,-0.6008009035389124,0
-0.6340141266478285,-0.6744030093930421,-0.7386715505730043,-0.792707342968026,-0.2266680135196949,-0.555234093137545,-0.38227494798059175,-0.6273710513013055,-0.24428054383718276,-0.4815601485169975,0
-0.6405310628616864,-0.7305864989915479,-0.7516620758494816,-0.792707342968026,-0.26434206663121834,-0.5156057596935537,-0.36291297339210776,-0.5695638814225676,-0.24773939800659747,-0.4586292340897062,0
-0.41206589902158425,-0.4847837319980853,-0.5535565653832015,-0.3154074688214864,0.7719455542897526,0.29182153422776863,0.44843333162395865,0.2541882893494457,0.9529153555515029,-0.10090696902396132,0
-0.3547168603396353,-0.35837088040144743,-0.5193709725503663,-0.035452734947073766,0.8829584307917083,0.4354742429622368,0.5020103024030519,0.2590055535060073,1.0670575431421898,-0.11925170056579441,0
-0.38506716327845897,-0.2916529865032219,-0.5253534512961124,-0.20985076588523244,0.7845035719935938,0.5097773681697206,0.49034007114423966,0.4516961197684666,0.9447005768991426,0.05043706619616153,0
-0.34019340249160923,-0.3373020718020078,-0.5010816803847995,-0.05381042241424838,0.8940094863710885,0.4255671596012392,0.5627485514545977,0.4131580065159747,1.0601398348033604,0.07336798062345279,0
-0.3552754548722517,0.09460850448650485,-0.20486351848828216,-0.3062286250878991,-0.42960557961376766,-0.47597742624956263,-0.7350342110310554,-0.5888329380488136,-0.8422299583747601,-0.35314702772416595,0
-0.5742445116578752,-0.551501625896311,-0.44946143520721826,-0.6320775776302483,-0.9037963281108091,-0.8772143023699742,-1.0180373190572545,-0.9019551082253099,-1.0713790470984883,-0.7521449387590352,0
-0.6131599307634834,-0.6076851154948166,-0.49766312110151595,-0.7376342805665024,-0.8294528633040695,-0.8078647188429895,-0.8607544295918974,-0.752619919371904,-0.9299983829236599,-0.6466627323934951,0
-1.020375345040829,-0.5234098810970581,-0.929598086544389,-0.8569592491031373,-1.0349020329389107,-0.9911457610214491,-1.1609976519777057,-0.9308586931646788,-1.3601933702446212,-0.7796620360717849,0
-0.3757572544015192,-0.04585021950975928,-0.2281097216146101,-0.07675753174821655,0.08527314624371903,-0.07969409180964966,-0.3146406531852022,-0.17454822058452624,-0.8932480573736279,0.30726330778182454,0
-0.8600587141799262,-0.9061599039868783,-0.8203751174434804,-0.976284217639772,-0.9063079316515774,-0.9960993027019481,-1.0167111564142077,-1.0272039762959082,-1.2028155055362493,-0.628318000851662,0
-0.8583829305820772,-0.7902814566899602,-0.8210588293001372,-1.0038207488405342,-0.9384564569734105,-0.9515174275774578,-1.026259527444145,-0.9693968064171707,-1.2093008571039021,-0.6237318179662038,0
-0.6904321744420836,-0.5971507111950969,-0.6412426109994238,-0.6779717962981848,-0.9017870452781944,-0.8425395106064819,-0.9082310522129748,-0.7718889759981499,-1.1574180445626805,-0.6741798297062447,0
-0.6997420833190233,-0.6006621792950033,-0.6352601322536777,-0.792707342968026,-0.9078148937760382,-0.8474930522869808,-1.015384993771161,-0.8923205799121869,-1.1548239039356196,-0.8117653162699928,0
-0.7025350559821052,-0.5760819025956572,-0.642268178784409,-0.7284554368329151,-0.8927452725314288,-0.8078647188429895,-1.0074280179128796,-0.882686051599064,-1.1249912867244172,-0.7796620360717849,0
-0.28917510184597933,-0.2740956460036889,-0.13956903617756686,-0.27869209388713717,-0.5285627591200358,-0.6047695099425342,-0.7260163050583368,-0.6610919003972358,-1.2469158961962876,-0.41276740523512356,0
-0.2951334435272208,-0.2073777521054634,-0.164866374873865,-0.19608250028485158,-0.5391114939912623,-0.48588450961056023,-0.7599660687203365,-0.7478026552153425,-1.1924389430280051,-0.4265259538914983,0
-0.3254837464660444,-0.14417132630714438,-0.21443548448147606,-0.333765156288661,-0.16438024570864276,-0.2679286756686082,-0.3714004143076076,-0.3335179377510549,-0.3112958433695937,-0.3990088565787487,0
-0.498834249754663,-0.3969970295004201,-0.3827995291831896,-0.44391128109170874,-0.46979123626605934,-0.47597742624956263,-0.5880953901814637,-0.622553787144744,-0.5339595805256693,-0.6374903666225785,0
-0.45936023611643845,-0.36188234850135415,-0.3694671479783838,-0.43932185922491496,-0.41704756190992653,-0.342231800876092,-0.5756294613368234,-0.47321859829133794,-0.5002357523738753,-0.5778699891116211,0
-0.38115700155014426,-0.17226307110639727,-0.31442834351751914,-0.049221000547454624,0.13600753776723712,0.33640340935225876,-0.365300066149592,0.20601564778383086,-0.17683288753359475,-0.05045895728392044,0
-0.43366488761608457,-0.2986759227030351,-0.33801640257217536,-0.35212284375583564,-0.29649059195305166,-0.3769065926395843,-0.5398230699745582,-0.3624215226904239,-0.400361338232024,-0.40359503946420705,0
-0.42807894228992077,-0.28463005030340865,-0.34690465670871257,-0.3658911093562167,-0.24776548326214792,-0.34718534255659084,-0.48995935459599654,-0.4202286925691617,-0.36750222362258367,-0.44945686831878967,0
-0.6213526505751904,-0.540967221596591,-0.5509926459207388,-0.6412564213638355,-0.7320026459222623,-0.555234093137545,-0.8504103609761319,-0.7237163344325351,-0.8111002708500273,-0.6374903666225785,0
-0.5694033590418665,-0.389974093300607,-0.4747587739035163,-0.4485007029585023,-0.6340501078323014,-0.456163259527567,-0.7509481627476177,-0.5069394473872685,-0.6286457134133984,-0.37149175926599903,0
-0.5746169080129527,-0.46722639149855233,-0.46125546473454637,-0.4760372341592642,-0.6923193099781243,-0.5007451346520571,-0.7936505998537264,-0.5358430323266373,-0.7397614036058477,-0.5274219773715801,0
-0.5679137736215562,-0.488295200097992,-0.4862109475025161,-0.5265208746939943,-0.6104410345490802,-0.614676593303532,-0.7244249098866806,-0.6032847305184981,-0.68052852595462,-0.5778699891116211,0
-0.5170816711534649,-0.41806583809985975,-0.3903203596064133,-0.3796593749565976,-0.5421254182401843,-0.5106522180130549,-0.668991311407322,-0.5551120889528833,-0.5893012472363054,-0.43569831966241485,0
-0.6721847530432816,-0.6041736473949101,-0.6046640266682901,-0.55864682776155,-0.8696385199563612,-0.614676593303532,-0.9403241881747088,-0.742985391058781,-0.8854656354924447,-0.6420765495080368,0
-0.6356899102456776,-0.5901277749952836,-0.5774864803661862,-0.5999516245626928,-0.7520954742484082,-0.5849553432205385,-0.8594282669488505,-0.7381681269022196,-0.7224671327587739,-0.6879383783626195,0
-0.6487237826733934,-0.6252424559943497,-0.5822724633627832,-0.6045410464294866,-0.7731929439908612,-0.5502805514570462,-0.8692418705073973,-0.6466401079275513,-0.7592174583088057,-0.6466627323934951,0
-0.6876392017790016,-0.5971507111950969,-0.6344054924328568,-0.636666999497042,-0.7129144590124238,-0.5403734680960484,-0.8530626862622256,-0.6851782211800432,-0.8465535260865287,-0.591628537767996,0
-0.6611990605684926,-0.569058966395844,-0.6188510476939169,-0.6596141088310102,-0.6903100271455098,-0.5502805514570462,-0.816195364785523,-0.6659091645537972,-0.7942383567741303,-0.5641114404552463,0
-0.6852186254709972,-0.6041736473949101,-0.623807958654678,-0.7100977493657405,-0.7048773276819654,-0.5354199264155494,-0.8233566430579762,-0.612919258831621,-0.7959677838588377,-0.5182496116006636,0
-0.8302670057737189,-0.927228712586318,-0.7856767407181527,-0.967105373906185,-1.0168184874453794,-0.8177718022039873,-1.0596788260489258,-0.9115896365384328,-1.0393846460314018,-0.7750758531863267,0
-0.42919613135515344,-0.22142362450508968,-0.2156319802306253,-0.2649238282867563,0.006408795063596664,-0.11436888357314196,-0.04675579928973722,-0.17454822058452624,-0.04409935878230315,-0.19263062673312675,0
-0.6524477462241693,-0.6884488817926686,-0.6014163953491708,-0.7238660149661214,-0.30553236469981726,-0.5106522180130549,-0.3454076265038891,-0.5647466172660063,-0.08214675464586567,-0.5274219773715801,2
-0.63997246832907,-0.5198984129971513,-0.5768027685095295,-0.6642035306978039,-0.2904627434552079,-0.35213888423708983,-0.2997876315830773,-0.4202286925691617,0.01253937824186372,-0.5686976233407046,2
-0.6805636710325274,-0.6779144774929489,-0.625859094224648,-0.6458458432306293,-0.3612899633048719,-0.4413026344860701,-0.3764398323511856,-0.4684013341347766,-0.05404356451937077,-0.5228357944861218,2
-0.6701365730903549,-0.6638686050933224,-0.613210424876499,-0.7238660149661214,-0.37887118809024956,-0.47597742624956263,-0.3719308793648263,-0.5454775606397604,-0.14008256198356284,-0.49531869717337224,2
-0.5267639763854823,-0.3724167528010739,-0.488945794929143,-0.4760372341592642,0.03252947188758639,-0.18371846710012676,-0.283873679866515,-0.26607623955919435,0.15046118824727736,-0.23849245558770926,2
-0.5139163021353055,-0.31272179510266157,-0.47356227815436713,-0.3154074688214864,0.02499466126528142,-0.040065758365658344,-0.07990986536590862,-0.14082737148859573,0.23736489925382323,-0.3164575646404998,2
-0.43683025663424413,-0.2073777521054634,-0.4422824607123228,-0.3154074688214864,0.13751449989169812,-0.035112216685159535,0.0004555908027310706,-0.09265472992298085,0.32470096703154616,-0.17887207807675184,2
-0.5016272224177449,-0.28814151840331537,-0.45544391395296446,-0.3245863125550737,0.06266871437680484,-0.04501930004615737,-0.058691263077158815,-0.058933880827050554,0.31043319358271004,-0.2339062727022511,2
-0.48393839555155943,-0.18982041160593027,-0.43424884639660655,-0.2649238282867563,0.1596166110504584,0.1432152838128012,0.008147334132402624,-0.1119237865492268,0.3657748602933463,-0.16511352942037713,2
-0.8114609898423006,-0.8324190738888395,-0.7479016606378698,-0.8707275147035182,-0.9650794545055539,-0.7434686769965037,-1.0180373190572545,-0.882686051599064,-0.8560653750524192,-0.7200416585608274,2
-0.8041992609182875,-0.8429534781885595,-0.7465342369245564,-0.8569592491031373,-0.9595539267158638,-0.7484222186770026,-0.9986753444687703,-0.7815235043112728,-0.8720625755859626,-0.76590348741541,2
-0.7917239830231884,-0.7973043928897734,-0.7279030888306611,-0.834012139769169,-0.9565400024669419,-0.788050552120994,-1.0222810395150044,-0.8007925609375188,-0.8858979922636216,-0.7934205847281597,2
-0.797496126526891,-0.8324190738888395,-0.7244845295473776,-0.8386015616359627,-0.9716096237115511,-0.8078647188429895,-1.0302380153732855,-0.8634169949728181,-0.8837362084077374,-0.715455475675369,2
-0.8965535569775301,-1.0220383512837965,-0.8490910154230621,-0.9992313269737404,-1.0695621618015123,-0.9960993027019481,-1.01989394675752,-0.9693968064171707,-0.8984363386277501,-0.8209376820409093,2
-0.9064220603870864,-1.0185268831838898,-0.8410574011073458,-1.045125545641677,-1.0931712350847336,-0.9812386776604514,-1.0257290623869264,-0.983848598886855,-0.9023275495683417,-0.7016969270189943,2
-0.8848230717925861,-1.0115039469840765,-0.8330237867916296,-1.0405361237748831,-1.086641065878736,-1.020867011104443,-0.9734782542508802,-0.9549450139474862,-0.8270974713835705,-0.7750758531863267,2
-0.9159181674415648,-1.0220383512837965,-0.8545607102763156,-1.0267678581745023,-1.1112547805782647,-1.0109599277434447,-1.0188330166430826,-0.9453104856343633,-0.9222159610424766,-0.8301100478118257,2
-0.8001029010124341,-0.8569993505881859,-0.7567899147744069,-0.7972967648348197,-0.8048391486045409,-0.7137474269135102,-0.7809194384804767,-0.7767062401547113,-0.6537224061416554,-0.6512489152789533,2
-0.7915377848456495,-0.864022286787999,-0.7419191818921236,-0.8523698272363436,-0.817397166308382,-0.7682363853989983,-0.7750843228510705,-0.8489652025031337,-0.6645313254210766,-0.46321541697516444,2
-0.7893034067151838,-0.9131828401866915,-0.7612340418426755,-0.8844957803038992,-0.7832393581539341,-0.7632828437184993,-0.7586399060772895,-0.8441479383465722,-0.6524253358281249,-0.6971107441335361,2
-0.7308371789680022,-0.8886025634873453,-0.7680711604092426,-0.8569592491031373,-0.6456034841198353,-0.6344907600255276,-0.6814572402519625,-0.7911580326243958,-0.5175300232209491,-0.6650074639353282,2
-0.7488984021892654,-0.8043273290895867,-0.7373041268596908,-0.806475608568407,-0.6581615018236764,-0.7137474269135102,-0.6769482872656032,-0.6177365229881825,-0.48899447632327725,-0.6650074639353282,2
-0.8246810604475551,-0.864022286787999,-0.8067008803103464,-0.9441582645722166,-0.7691743783256322,-0.6988868018720135,-0.7387474664315866,-0.7815235043112728,-0.5586039164827495,-0.7613173045299518,2
-0.8069922335813695,-0.7481438394910809,-0.725681025296527,-0.792707342968026,-0.8982708003211191,-0.783097010440495,-0.9023959365835686,-0.8441479383465722,-0.7985619244858987,-0.8025929504990762,2
-0.8133229716176886,-0.7762355842903338,-0.7323472158989298,-0.8018861867016134,-0.9032940074026554,-0.9217961774944644,-0.8925823330250218,-0.9404932214778018,-0.8193150495023873,-0.834696230697284,2
-0.8120195843749171,-0.7902814566899602,-0.7323472158989298,-0.820243874168788,-0.920875232188033,-0.9069355524529678,-0.932632444845037,-0.8634169949728181,-0.8357446068071075,-0.834696230697284,2
-0.7315819716781574,-0.7060062222922017,-0.7020929662418706,-0.8799063584371055,-0.7088958933471945,-0.7187009685940091,-0.7713710674505394,-0.8489652025031337,-0.6321045675828132,-0.5962147206534543,2
-0.7591393019538992,-0.6919603498925753,-0.6829490342554829,-0.8523698272363436,-0.7048773276819654,-0.5948624265815363,-0.7273424677013837,-0.7911580326243958,-0.5655216248215791,-0.7383863901026604,2
-0.746477825881261,-0.7446323713911743,-0.693717495997826,-0.7605813899004706,-0.6903100271455098,-0.6741190934695189,-0.7000235172546184,-0.752619919371904,-0.5426067159492062,-0.44945686831878967,2
-0.7563463292908171,-0.702494754192295,-0.681239754613841,-0.7605813899004706,-0.7179376660939603,-0.6642120101085212,-0.7302600255160867,-0.6996300136497277,-0.5983807394310192,-0.6879383783626195,2
-0.8663894522162452,-0.9693663297851971,-0.7998637617437794,-1.017589014440915,-1.0273672223166057,-1.0357276361459393,-1.0084889480273171,-1.003117655513101,-0.9291336693813061,-0.8943166082082415,2
-0.855776156096534,-0.9202057763865048,-0.7923429313205556,-0.9303899989718357,-1.0107906389475356,-0.9515174275774578,-1.0095498781417547,-1.0272039762959082,-0.9178923933307082,-0.9218337055209912,2
-0.8511212016580642,-0.8921140315872519,-0.7890953000014362,-0.8753169365703118,-0.9856746035398533,-0.9762851359799525,-0.9567686049484897,-0.9742140705737323,-0.8807097110094995,-0.8989027910936999,2
-0.6842876345833033,-0.6533342007936026,-0.6419263228560805,-0.7009189056321532,-0.6425895598709135,-0.4660703428885648,-0.49765109792566825,-0.5262085040135144,-0.18375059587242445,-0.609973269309829,2
-0.7105415776162736,-0.6989832860923885,-0.6620958226274535,-0.714687171232534,-0.6973425170596609,-0.5354199264155494,-0.596052366039745,-0.6321883154578669,-0.23865990581188368,-0.6741798297062447,2
-0.7057004250002648,-0.6954718179924818,-0.6603865429858116,-0.7468131243000896,-0.691314668561817,-0.5651411764985429,-0.5427406277892612,-0.6707264287103588,-0.2058007912024435,-0.6191456350807455,2
-0.699928281496562,-0.6568456688935091,-0.6638051022690952,-0.6871506400317722,-0.6486174083687571,-0.48588450961056023,-0.4944683075823557,-0.6851782211800432,-0.23001277038834694,-0.5365943431424967,2
-0.8500040125928313,-0.9447860530858511,-0.7711478637641977,-0.9854630613733596,-1.1057292527885747,-0.9861922193409502,-0.9939011589538018,-1.0464730329221543,-0.8292592552394548,-0.9493508028337408,2
-0.8436732745565122,-0.9412745849859444,-0.755935274953586,-0.9579265301725974,-1.0841294623379678,-0.9614245109384557,-0.9557076748340524,-0.9453104856343633,-0.7471114687158541,-0.9126613397500747,2
-0.8278464294657146,-0.8850910953874387,-0.7299542244006314,-0.9487476864390103,-1.0630319925955147,-0.9564709692579568,-0.9283887243872871,-0.9790313347302937,-0.7492732525717384,-0.8622133280100337,2
-0.7969375319942745,-0.8113502652893999,-0.7386715505730043,-0.8477804053695499,-0.8043368278963873,-0.7434686769965037,-0.8063817612269764,-0.8441479383465722,-0.6909050884628642,-0.8025929504990762,2
-0.8164883406358482,-0.8499764143883726,-0.7807198297573916,-0.9166217333714547,-0.8138809213513064,-0.8772143023699742,-0.7729624626221955,-0.8345134100334491,-0.5975160258886656,-0.7200416585608274,2
-0.8198399078315464,-0.8780681591876254,-0.7805489017932274,-0.8477804053695499,-0.7993136208148508,-0.7632828437184993,-0.7963029251398202,-0.6851782211800432,-0.6238897889304531,-0.6741798297062447,2
-0.7876276231173348,-0.828907605788933,-0.7518330038136459,-0.8018861867016134,-0.748076908583179,-0.7583293020380004,-0.7469696748184772,-0.7092645419628506,-0.5538479919998041,-0.6466627323934951,2
-0.715382730232282,-0.7270750308916414,-0.6595319031649907,-0.6642035306978039,-0.6039108653430826,-0.6245836766645299,-0.6188623635001509,-0.7092645419628506,-0.44186758826500105,-0.5320081602570385,2
-0.713706946634433,-0.713029158492015,-0.665685309874901,-0.6504352650974229,-0.6094363931327729,-0.6493513850670244,-0.6117010852276978,-0.6803609570234818,-0.44316465857853166,-0.4815601485169975,2
-0.7276718099498426,-0.7692126480905206,-0.6848292418612889,-0.6642035306978039,-0.5843203577250906,-0.6493513850670244,-0.6302673622303538,-0.6514573720841128,-0.48337383829797825,-0.4265259538914983,2
-0.7444296459283343,-0.8675337548879056,-0.7188439067299598,-0.6871506400317722,-0.6114456759653875,-0.6741190934695189,-0.6615648006062597,-0.5743811455791291,-0.5192594503056566,-0.5641114404552463,2
-0.6403448646841475,-0.6427997964938827,-0.5865456624668876,-0.6917400618985659,-0.3622946047211792,-0.5056986763325558,-0.4241816875008724,-0.4924876549175839,-0.19283008806713794,-0.4265259538914983,2
-0.6567303043075616,-0.6779144774929489,-0.6713259326923189,-0.5311102965607881,-0.39795937500008804,-0.5403734680960484,-0.4637013342636687,-0.47803586244789953,-0.3359401793266739,-0.4815601485169975,2
0.0,-3.1188101878024524e-16,0.0,-2.0381127304929915e-16,-0.2176262407729293,-0.28278930071010505,-0.25469810171948415,-0.1793654847410876,-0.012537314486393558,-0.3118713817550416,2
-0.6433240355247682,-0.6603571369934157,-0.5884258700726935,-0.6137198901630738,-0.40850810987131464,-0.5651411764985429,-0.41330715382788824,-0.5213912398569528,-0.1357589942717943,-0.4815601485169975,2
-0.6239594250607335,-0.5269213491969647,-0.5431299595691867,-0.36130168748942293,-0.4235777311159239,-0.4512097178470679,-0.4247121525580912,-0.4250459567257233,-0.226986272990109,-0.4402845025478731,2
-0.6064567963720868,-0.5866163068953769,-0.5267208750094259,-0.44391128109170874,-0.4075034684550072,-0.5007451346520571,-0.39288424912496656,-0.5743811455791291,-0.17034753596594213,-0.5503528917988715,2
-0.6021742382886944,-0.48127226389817873,-0.5142431336254409,-0.39801706242377216,-0.3698294153434838,-0.4115813844030766,-0.36132157822045147,-0.3768733151601084,-0.1348942807294408,-0.41276740523512356,2
-0.7570911220009724,-0.765701179990614,-0.6877350172520799,-0.7514025461668833,-0.6888030650210488,-0.7286080519550069,-0.6811920077233532,-0.6514573720841128,-0.5196918070768333,-0.6879383783626195,2
-0.7894896048927228,-0.8605108186880924,-0.7381587666805117,-0.912032311504661,-0.739537456544567,-0.7731899270794972,-0.6944536341538218,-0.8296961458768877,-0.5400125753221452,-0.7796620360717849,2
-0.7963789374616582,-0.8253961376890263,-0.7463633089603922,-0.8799063584371055,-0.7651558126604029,-0.7385151353160048,-0.726812002644165,-0.8682342591293796,-0.5720069763892317,-0.7750758531863267,2
-0.7064452177104199,-0.7200520946918282,-0.6393624033936179,-0.7789390773676452,-0.590850526931088,-0.49083805129105923,-0.44433935967518473,-0.5310257681700757,0.3943104071910183,-0.44945686831878967,2
-0.6604542678583375,-0.6954718179924818,-0.594750204746768,-0.714687171232534,-0.4627587463519083,-0.560187634818044,-0.39792366716854477,-0.5888329380488136,-0.12840892916178817,-0.5641114404552463,2
-0.7237616482215279,-0.7586782437908008,-0.7000418306719005,-0.806475608568407,-0.6822728958150515,-0.7286080519550069,-0.5920738781106043,-0.7718889759981499,-0.38220235384259643,-0.7292140243317439,2
-0.7179895047178252,-0.7727241161904272,-0.685854809646274,-0.8386015616359627,-0.4587401806866792,-0.5304663847350506,-0.47802389080857477,-0.5502948247963217,-0.27584258813309237,-0.5136634287152053,2
-0.6798188783223722,-0.7095176903921082,-0.6578226235233491,-0.7972967648348197,-0.42106612757515577,-0.5156057596935537,-0.41357238635649757,-0.5358430323266373,-0.19845072609243705,-0.5274219773715801,2
-0.8559623542740727,-0.9658548616852907,-0.757815482559392,-1.0084101707073279,-1.0404275607286007,-1.0406811778264382,-0.9281234918586776,-1.0223867121393468,-0.7410584739193783,-0.986040265917407,2
-0.863037885020547,-0.9412745849859444,-0.7887534440731079,-0.9716947957729785,-0.9399634190978715,-0.8524465939674797,-0.7498872326331802,-0.9356759573212403,-0.5088828877974122,-0.8943166082082415,2
-0.8194675114764688,-0.8429534781885595,-0.7352529912897208,-0.912032311504661,-0.8168948456002284,-0.8227253438844863,-0.6490988717616193,-0.8248788817203262,-0.3718257913343522,-0.7842482189572432,2
-0.8425560854912795,-0.8745566910877188,-0.7526876436344667,-0.9303899989718357,-0.9032940074026554,-0.8425395106064819,-0.7366256062027117,-0.9019551082253099,-0.4051172627149693,-0.8667995108954919,2
-0.8812853064193489,-0.8921140315872519,-0.7653363129826157,-1.0267678581745023,-0.9299170049347987,-1.0010528443824471,-0.726812002644165,-0.9067723723818714,-0.6139455831933857,-0.8622133280100337,2
-0.805688846338598,-0.8780681591876254,-0.7126905000200495,-0.8707275147035182,-0.8138809213513064,-0.832632427245484,-0.7103675858703838,-0.8923205799121869,-0.461755999739136,-0.8484547793536589,2
-0.8298946094186415,-0.8078387971894934,-0.7407226861429744,-0.820243874168788,-0.8259366183469941,-0.7930040938014927,-0.6992278196687904,-0.882686051599064,-0.3882553486390723,-0.8438685964682006,2
-0.8295222130635638,-0.8710452229878124,-0.7443121733904221,-0.8248332960355816,-0.8264389390551475,-0.7781434687599961,-0.7323818857449618,-0.8489652025031337,-0.45872950234089804,-0.9034889739791581,2
-0.8321289875491069,-0.8745566910877188,-0.7508074360286608,-0.8890852021706929,-0.8711454820808221,-0.8623536773284776,-0.7429911868893366,-0.8585997308162566,-0.5006681091450522,-0.834696230697284,2
-0.6412758555718415,-0.4918066681978985,-0.5436427434616793,-0.4668583904256769,-0.46024714281114004,-0.6047695099425342,-0.4424827319749191,-0.5791984097356906,-0.235201051642469,-0.6053870864243707,2
-0.6541235298220185,-0.5093640086974316,-0.5409078960350525,-0.5632362496283435,-0.4346287866953042,-0.4809309679300614,-0.45547912587677813,-0.5791984097356906,-0.20018015317714438,-0.5962147206534543,2
-0.888547035343362,-1.0009695426843568,-0.8482363756022413,-1.1369139829775499,-1.0580087855139781,-1.006006386062946,-0.9488116290902087,-1.012752183826224,-0.7704587343594038,-0.9218337055209912,2
-0.9559507756124058,-1.123870926181088,-0.8998566207798224,-1.164450514178312,-1.2333187126596006,-1.1347984697559175,-1.119090912457425,-1.0753766178615234,-1.0056608178796078,-0.9997988145737817,2
-0.9200145273474184,-1.043107159883236,-0.8673803075886288,-1.1323245611107564,-1.1614868513936292,-1.0753559695899306,-1.03686882858852,-1.094645674487769,-0.8703331485012551,-0.9493508028337408,2
-0.9527854065942463,-1.0887562451820219,-0.9078902350955387,-1.1919870453790737,-1.2157374878742229,-1.050588261187436,-1.1018507980978156,-1.1090974669574536,-0.9896636173460645,-0.9355922541773659,2
-0.9546473883696343,-1.134405330480808,-0.8991729089231656,-1.0864303424428199,-1.2252815813291422,-1.0406811778264382,-1.0543741754767384,-1.0898284103312077,-0.9373484480336661,-0.9401784370628242,2
-0.9492476412210092,-1.0887562451820219,-0.8819091845425839,-1.1552716704447246,-1.2107142807926865,-1.020867011104443,-1.0395211538746136,-1.0609248253918389,-0.9114070417630555,-0.7567311216444935,2
-0.9336069943077505,-1.0115039469840765,-0.8602013330937336,-1.1369139829775499,-1.1454125887327127,-1.0951701363119262,-1.0294423177874574,-1.051290297078716,-0.9014628360259881,-0.9768679001464903,2
-0.9315588143548238,-1.0466186279831426,-0.8526805026705097,-1.1369139829775499,-1.1423986644837907,-1.114984303033922,-1.0225462720436138,-1.0368385046090316,-0.9079481875936407,-1.0089711803446983,2
-0.926717661738815,-1.0115039469840765,-0.8472108078172562,-1.123145717377169,-1.1645007756425512,-1.110030761353423,-1.037664526174348,-1.094645674487769,-0.9114070417630555,-1.0273159118865314,2
-0.9317450125323625,-1.0536415641829557,-0.834391210504943,-1.0864303424428199,-1.134863853861486,-1.0803095112704295,-1.0495999899617696,-1.1090974669574536,-0.9442661563724957,-0.9814540830319486,2
-0.9520406138840913,-1.0852447770821152,-0.8757557778326737,-1.1598610923115182,-1.093673555792887,-1.0753559695899306,-1.0482738273187229,-0.9404932214778018,-0.9261071719830682,-1.0273159118865314,2
-0.9674950626198113,-0.9412745849859444,-0.8832766082558974,-1.1185562955103754,-1.2579324273591292,-1.0852630529509286,-1.0838149861523787,-1.113914731114015,-0.9624251407619233,-1.041074460542906,2
-0.8295222130635638,-0.8815796272875319,0.0,-0.9533371083058039,-0.9876838863724678,-0.9911457610214491,0.0,0.0,-0.8980039818565732,-0.9264198884064494,2
-0.7893034067151838,-0.8534878824882792,-0.7080754449876168,-0.8661380928367246,-0.9846699621235461,-0.9614245109384557,-0.9912488336677081,-0.9260414290081174,-0.9399425886607273,-0.8759718766664085,2
-0.7412642769101747,-0.7200520946918282,-0.6877350172520799,-0.7284554368329151,-0.5637252086907911,-0.5998159682620354,-0.6488336392330097,-0.6514573720841128,-0.5434714294915598,-0.5870423548825376,2
-0.7658424363452958,-0.7762355842903338,-0.6800432588646919,-0.8615486709699309,-0.8178994870165357,-0.8574001356479786,-0.8543888489052724,-0.9886658630434166,-0.8603889427641878,-0.885144242437325,2
-0.7839036595665589,-0.7376094351913611,-0.6976488391736021,-0.8431909835027562,-0.8530619365872909,-0.8425395106064819,-0.8941737281966781,-0.8634169949728181,-0.8884921328906826,-0.8576271451245754,2
-0.7580221128886664,-0.6744030093930421,-0.7051696695968258,-0.755991968033677,-0.6456034841198353,-0.6691655517890199,-0.7703101373361019,-0.6370055796144284,-0.7021463645134622,-0.6879383783626195,2
-0.3063053341795484,-0.10203370910826506,-0.12264716772531352,0.0701039679891802,0.1626305352993804,-0.059879925087654,-0.06823963410709616,0.013325081521371629,-0.0851732520441036,-0.215561541160418,2
-0.7516913748523473,-0.7762355842903338,-0.663634174304931,-0.7743496555008516,-0.8314621461366841,-0.7930040938014927,-0.9382023279458338,-0.8248788817203262,-0.6377252056081122,-0.7062831099044526,2
-0.733816349808623,-0.6849374136927621,-0.6321834288987225,-0.6871506400317722,-0.7902718480680851,-0.7583293020380004,-0.9305105846161621,-0.7767062401547113,-0.5940571717192509,-0.6925245612480778,2
-0.7587669055988215,-0.7200520946918282,-0.6885896570729008,-0.8844957803038992,-0.7882625652354707,-0.6790726351500178,-0.836883502017054,-0.7574371835284655,-0.7008492941999317,-0.7338002072172022,2
-0.7602564910191318,-0.765701179990614,-0.6754282038322591,-0.7881179211012326,-0.8299551840122231,-0.8227253438844863,-0.9580947675915367,-0.7911580326243958,-0.6852844504375653,-0.76590348741541,2
-0.8382735274078873,-0.9166943082865983,-0.7783268382590932,-1.0405361237748831,-0.9053032902352699,-0.832632427245484,-0.8371487345456633,-0.8875033157556255,-0.6545871196840092,-0.8209376820409093,2
-0.8233776732047835,-0.9763892659850105,-0.793710355033869,-1.0129995925741213,-0.8475364087976007,-0.832632427245484,-0.7700449048074924,-0.8923205799121869,-0.590598317549836,-0.6237318179662038,2
-0.7906067939579555,-0.8815796272875319,-0.7552515630969294,-0.9533371083058039,-0.6395756356219915,-0.7137474269135102,-0.6496293368188378,-0.6996300136497277,-0.4159261819943904,-0.6879383783626195,2
-0.7704973907837657,-0.8324190738888395,-0.7574736266310637,-0.8110650304352007,-0.5441347010727989,-0.7087938852330112,-0.6034788768408075,-0.7285335985890966,-0.4094408304267376,-0.7062831099044526,2
-0.8505626071254477,-0.9799007340849171,-0.8179821259451819,-1.0084101707073279,-0.772188302574554,-0.8276788855649851,-0.7464392097612583,-0.8007925609375188,-0.6135132264222088,-0.6695936468207865,2
-0.9060496640320087,-1.060664500382769,-0.8682349474094498,-1.1323245611107564,-1.0565018233895174,-1.006006386062946,-0.9180446557715216,-0.9404932214778018,-0.7043081483693463,-0.8484547793536589,2
-0.9129389966009442,-1.0852447770821152,-0.8648163881261663,-1.164450514178312,-1.0610227097629001,-1.0159134694239438,-0.9557076748340524,-1.0368385046090316,-0.7713234479017574,-0.9401784370628242,2
-0.8963673587999913,-1.0185268831838898,-0.8299470834366743,-0.9946419051069467,-1.0544925405569026,-0.9663780526189546,0.0,-0.9597622781040477,-0.9338895938642514,-0.8759718766664085,2
-0.8909676116513664,-0.9799007340849171,-0.8434503926056444,-1.0129995925741213,-1.0052651111578454,-0.9564709692579568,-0.9260016316298028,-0.964579542260609,-0.7548938905970374,-0.8667995108954919,2
-0.9142423838437158,-1.0150154150839832,-0.8578083415954351,-1.0543043893752642,-0.9690980201707831,-0.9861922193409502,-0.8756074511940223,-0.983848598886855,-0.6532900493704786,-0.8943166082082415,2
-0.7695663998960717,-0.8113502652893999,-0.7044859577401691,-0.806475608568407,-0.7224585524673431,-0.7731899270794972,-0.7928549022678983,-0.8489652025031337,-0.699552223886401,-0.8025929504990762,2
-0.8237500695598612,-0.8956254996871584,-0.7940522109621975,-0.8661380928367246,-0.9409680605141788,-0.8425395106064819,-0.9379370954172245,-0.9501277497909247,-0.8188826927312105,-0.816351499155451,2
-0.802895873675516,-0.864022286787999,-0.7489272284228549,-0.8844957803038992,-0.807350752145309,-0.7781434687599961,-0.811155946741945,-0.8923205799121869,-0.6645313254210766,-0.7613173045299518,2
-0.7785039124179337,-0.7586782437908008,-0.7079045170234526,-0.7055083274989468,-0.7405420979608743,-0.7434686769965037,-0.7973638552542577,-0.7188990702759737,-0.6117837993375015,-0.7062831099044526,2
-0.8136953679727661,-0.8710452229878124,-0.7690967281942276,-0.8890852021706929,-0.7852486409865488,-0.6840261768305167,-0.7413997917176803,-0.7959752967809574,-0.5724393331604085,-0.7796620360717849,2
-0.8246810604475551,-0.8780681591876254,-0.8020858252779137,-0.9166217333714547,0.0,-0.7187009685940091,-0.7212421195433681,-0.742985391058781,-0.5918953878633666,-0.7292140243317439,2
-0.8816577027744266,-0.9447860530858511,-0.8321691469708087,-1.0405361237748831,-1.0730784067585877,-1.0258205527849416,-1.0265247599727543,-1.1090974669574536,-0.943401442830142,-0.9722817172610321,2
-0.8898504225861336,-0.9799007340849171,-0.8272122360100476,-1.0267678581745023,-1.1027153285396527,-1.0357276361459393,-1.0636573139780663,-1.0609248253918389,-0.9715046329566369,-0.9722817172610321,2
-0.9114494111806337,-1.036084223683423,-0.8637908203411813,-1.100198608043201,-1.0876457072950434,-1.060495344548434,-1.0416430141034885,-1.0898284103312077,-0.9663163517025148,-1.00438499745924,2
-0.8399493110057363,-0.8815796272875319,-0.7822581814348691,-0.976284217639772,-0.930921646351106,-0.8722607606894753,-0.9445679086324588,-0.882686051599064,-0.8452564557729981,-0.8484547793536589,2
-0.7704973907837657,-0.7797470523902404,-0.7092719407367659,-0.6596141088310102,-0.7541047570810228,-0.783097010440495,-0.7721667650363675,-0.8056098250940803,-0.6917698020052179,-0.7383863901026604,2
-0.774779948867158,-0.7797470523902404,-0.6978197671377662,-0.7605813899004706,-0.7741975854071685,-0.7682363853989983,-0.8289265261587729,-0.8489652025031337,-0.7241965598434813,-0.7613173045299518,2
-0.8088542153567575,-0.8745566910877188,-0.7822581814348691,-0.9074428896378673,-0.7485792292913327,-0.8276788855649851,-0.786224089052664,-0.8585997308162566,-0.7298171978687802,-0.7750758531863267,2
-0.795634144751503,-0.9026484358869717,-0.7415773259637952,-0.967105373906185,-0.848541050213908,-0.9267497191749633,-0.906904889569928,-0.8778687874425024,-0.8266651146123938,-0.7704896703008683,2
-0.9626539100038025,-1.1273823942809946,-0.9405374762508962,-1.178218779778693,-1.1976539423806918,-1.0852630529509286,-1.1281088184301438,-1.0705593537049618,-1.0393846460314018,-0.8759718766664085,2
-0.9499924339311644,-1.1273823942809946,-0.9212226163003444,-1.164450514178312,-1.1614868513936292,-1.1050772196729242,-1.1015855655692066,-1.0705593537049618,-1.0207933048707976,-0.8805580595518667,2
-0.869368623056866,-0.9623433935853841,-0.8523386467421814,-1.0405361237748831,-0.9299170049347987,-0.832632427245484,-0.886216752338397,-0.8923205799121869,-0.7453820416311469,-0.816351499155451,2
-0.8460938508645166,-0.9588319254854776,-0.8265285241533907,-0.967105373906185,-0.8857127826172779,-0.8772143023699742,-0.8342311767309603,-0.9164069006949943,-0.6757726014716745,-0.816351499155451,2
-0.853914174321146,-0.9623433935853841,-0.8424248248206593,-0.9487476864390103,-0.7993136208148508,-0.8871213857309721,-0.8013423431833981,-0.8537824666596951,-0.7077670025387612,-0.7888344018427014,2
-0.8243086640924776,-0.9096713720867848,-0.7962742744963316,-0.9625159520393912,-0.7797231131968586,-0.8623536773284776,-0.7578442084914613,-0.7959752967809574,-0.5728716899315853,-0.7750758531863267,2
-0.8706720102996376,-1.0290612874836096,-0.8521677187780171,-1.1460928267111372,-0.9670887373381684,-0.9317032608554622,-0.9244102364581465,-0.9356759573212403,-0.7583527447664521,-0.8622133280100337,2
